{
    "variants": {
        "type=bottom": [ { "model": "block/half_slab_jungle", "weight": 20 },                
                    { "model": "block/half_slab_jungle1", "weight": 12 },     
                    { "model": "block/half_slab_jungle2", "weight": 7 },   
                    { "model": "block/half_slab_jungle3", "weight": 9 }, 
                    { "model": "block/half_slab_jungle4", "weight": 4 } 
       ],
        "type=top": [ { "model": "block/upper_slab_jungle", "weight": 8 },                
                    { "model": "block/upper_slab_jungle1", "weight": 5 },     
                    { "model": "block/upper_slab_jungle2", "weight": 4 },   
                    { "model": "block/upper_slab_jungle3", "weight": 2 }, 
                    { "model": "block/upper_slab_jungle4", "weight": 2 }
       ],
	   "type=double": { "model": "block/jungle_planks" }
    }
}

