{
    "variants": {
        "facing=north,has_book=false": { "model": "block/lectern_empty" },
        "facing=south,has_book=false": { "model": "block/lectern_empty", "y": 180 },
        "facing=west,has_book=false":  { "model": "block/lectern_empty", "y": 270 },
        "facing=east,has_book=false":  { "model": "block/lectern_empty", "y": 90 },
        "facing=north,has_book=true": { "model": "block/lectern" },
        "facing=south,has_book=true": { "model": "block/lectern", "y": 180 },
        "facing=west,has_book=true":  { "model": "block/lectern", "y": 270 },
        "facing=east,has_book=true":  { "model": "block/lectern", "y": 90 }
    }
}
