{
    "variants": {
        "type=bottom": [ { "model": "block/half_slab_oak", "weight": 20 },   
                    { "model": "block/half_slab_oak1", "weight": 6 }, 
                    { "model": "block/half_slab_oak2", "weight": 7 }, 
                    { "model": "block/half_slab_oak3", "weight": 6 }, 
                    { "model": "block/half_slab_oak4", "weight": 7 }, 
                    { "model": "block/half_slab_oak5", "weight": 6 },     
                    { "model": "block/half_slab_oak6", "weight": 7 }, 
                    { "model": "block/half_slab_oak7", "weight": 6 }, 
                    { "model": "block/half_slab_oak8", "weight": 12 } ],

        "type=top": [ { "model": "block/upper_slab_oak", "weight": 20 }, 
                    { "model": "block/upper_slab_oak1", "weight": 5 }, 
                    { "model": "block/upper_slab_oak2", "weight": 6 }, 
                    { "model": "block/upper_slab_oak3", "weight": 6 }, 
                    { "model": "block/upper_slab_oak4", "weight": 5 }, 
                    { "model": "block/upper_slab_oak5", "weight": 7 },     
                    { "model": "block/upper_slab_oak6", "weight": 8 }, 
                    { "model": "block/upper_slab_oak7", "weight": 8 }, 
                    { "model": "block/upper_slab_oak8", "weight": 12 } ],
					
		"type=double": { "model": "block/oak_planks" }
    }
}
