{
    "variants": {
        "": [
            { "model": "block/sand/sand", "weight": 32 },
            { "model": "block/sand/sand", "y": 90, "weight": 15 },
            { "model": "block/sand/sand", "y": 180, "weight": 15 },
            { "model": "block/sand/sand", "y": 270, "weight": 15 },
            { "model": "block/sand/sand1", "weight": 5 },
            { "model": "block/sand/sand1", "y": 90, "weight": 5 },
            { "model": "block/sand/sand1", "y": 180, "weight": 5 },
            { "model": "block/sand/sand1", "y": 270, "weight": 5 },
            { "model": "block/sand/sand2", "weight": 5 },
            { "model": "block/sand/sand2", "y": 90, "weight": 5 },
            { "model": "block/sand/sand2", "y": 180, "weight": 5 },
            { "model": "block/sand/sand2", "y": 270, "weight": 5 },
            { "model": "block/sand/sand3", "weight": 5 },
            { "model": "block/sand/sand3", "y": 90, "weight": 5 },
            { "model": "block/sand/sand3", "y": 180, "weight": 5 },
            { "model": "block/sand/sand3", "y": 270, "weight": 5 },
            { "model": "block/sand/sand4", "weight": 2 },
            { "model": "block/sand/sand4", "y": 90, "weight": 5 },
            { "model": "block/sand/sand4", "y": 180, "weight": 5 },
            { "model": "block/sand/sand4", "y": 270, "weight": 5 }

        ]
    }
}
