{
    "variants": {
        "type=bottom": [ { "model": "block/half_slab_spruce", "weight": 20 },   
                    { "model": "block/half_slab_spruce1", "weight": 12 }, 
                    { "model": "block/half_slab_spruce2", "weight": 12 }, 
                    { "model": "block/half_slab_spruce3", "weight": 12 }, 
                    { "model": "block/half_slab_spruce4", "weight": 12 }, 
                    { "model": "block/half_slab_spruce5", "weight": 12 },     
                    { "model": "block/half_slab_spruce6", "weight": 12 }, 
                    { "model": "block/half_slab_spruce7", "weight": 12 }, 
                    { "model": "block/half_slab_spruce8", "weight": 12 },
                    { "model": "block/half_slab_spruce9", "weight": 12 },
                    { "model": "block/half_slab_spruce10", "weight": 12 }
 ],
        "type=top": [ { "model": "block/upper_slab_spruce", "weight": 20 },   
                    { "model": "block/upper_slab_spruce1", "weight": 12 }, 
                    { "model": "block/upper_slab_spruce2", "weight": 12 }, 
                    { "model": "block/upper_slab_spruce3", "weight": 12 }, 
                    { "model": "block/upper_slab_spruce4", "weight": 12 }, 
                    { "model": "block/upper_slab_spruce5", "weight": 12 },     
                    { "model": "block/upper_slab_spruce6", "weight": 12 }, 
                    { "model": "block/upper_slab_spruce7", "weight": 12 }, 
                    { "model": "block/upper_slab_spruce8", "weight": 12 },
                    { "model": "block/upper_slab_spruce9", "weight": 12 },
                    { "model": "block/upper_slab_spruce10", "weight": 12 } ],
					
		"type=double": { "model": "block/spruce_planks" }
    }
}
