{   "parent": "block/block",
    "display": {
        "gui": {
            "rotation": [ 30, 135, 0 ],
            "translation": [ 0, 0, 0],
            "scale":[ 0.625, 0.625, 0.625 ]
        },
        "fixed": {
            "rotation": [ 0, 90, 0 ],
            "translation": [ 0, 0, 0 ],
            "scale": [ 0.5, 0.5, 0.5 ]
        }
    },
    "ambientocclusion": false,
    "textures": {
        "post_top": "block/diorite_post_top",
        "post_side": "block/diorite_post_side",
        "wall_top": "block/diorite_wall_top",
        "wall_side": "block/diorite_wall_side"
    },
    "elements": [
        {   "from": [ 4, -0.1, 4 ],
            "to": [ 12, 16.1, 12 ],
            "faces": {
                "down":  { "uv": [ 4, 4, 12, 12 ], "texture": "#post_top", "cullface": "down" },
                "up":    { "uv": [ 4, 4, 12, 12 ], "texture": "#post_top" },
                "north": { "uv": [ 4, 0, 12, 16 ], "texture": "#post_side" },
                "south": { "uv": [ 4, 0, 12, 16 ], "texture": "#post_side" },
                "west":  { "uv": [ 4, 0, 12, 16 ], "texture": "#post_side" },
                "east":  { "uv": [ 4, 0, 12, 16 ], "texture": "#post_side" }
            },
            "__comment": "Center post"
        },
        {   "from": [ 5, 0, 0 ],
            "to": [ 11, 16, 16 ],
            "faces": {
                "down":  { "uv": [ 5, 0, 11, 16 ], "texture": "#wall_top", "cullface": "down" },
                "up":    { "uv": [ 5, 0, 11, 16 ], "texture": "#wall_top" },
                "north": { "uv": [ 4, 0, 12, 16 ], "texture": "#post_side", "cullface": "north" },
                "south": { "uv": [ 4, 0, 12, 16 ], "texture": "#post_side", "cullface": "south" },
                "west":  { "uv": [ 0, 0, 16, 16 ], "texture": "#wall_side" },
                "east":  { "uv": [ 0, 0, 16, 16 ], "texture": "#wall_side" }
            },
            "__comment": "Full wall"
        }
    ]
}
